domain,sentiment_mean,sentiment_std,subjectivity_mean,subjectivity_std,counting
www.portfolio.hu,0.003410280460280461,0.15112878317599965,0.43943131169242283,0.18114651894358244,75.0
www.origo.hu,0.16764795059437917,0.0951567016302523,0.49261807416569325,0.07511592999898663,63.0
index.hu,0.0617667968887481,0.2109575044706352,0.3850318516172175,0.3322762531572777,41.0
prohardver.hu,0.0,1.0,0.0,1.0,1.0
