domain,sentiment_mean,sentiment_std,subjectivity_mean,subjectivity_std,counting
www.portfolio.hu,-0.01076346356465404,0.17560691392408342,0.45758576800918066,0.20270357588251284,105.0
www.origo.hu,0.1652200919685097,0.09987995872525039,0.4966080789814967,0.07350005321630698,79.0
index.hu,0.046330961843256926,0.2029900573633118,0.39438258462848624,0.3248342840821905,61.0
prohardver.hu,0.0,1.0,0.0,1.0,1.0
