domain,sentiment_mean,sentiment_std,subjectivity_mean,subjectivity_std,counting
www.portfolio.hu,-0.004356333712583711,0.15997923707832515,0.45828257444715775,0.1941066482577657,100.0
www.origo.hu,0.16816643944079007,0.09909868881004046,0.4949244298270272,0.07363357463635169,77.0
index.hu,0.05349307612465508,0.20660694128809304,0.3918684970000759,0.3182100419883268,57.0
prohardver.hu,0.0,1.0,0.0,1.0,1.0
