domain,sentiment_mean,sentiment_std,subjectivity_mean,subjectivity_std,counting
www.portfolio.hu,-0.00282033981108055,0.16856397912842777,0.45029572831527565,0.19100868166293639,81.0
www.origo.hu,0.16752236390823347,0.09649554879745081,0.4937470983123157,0.07355270545260964,69.0
index.hu,0.048074550166386905,0.20735525488068643,0.3842524369054981,0.31679090893594725,49.0
prohardver.hu,0.0,1.0,0.0,1.0,1.0
