domain,sentiment_mean,sentiment_std,subjectivity_mean,subjectivity_std,counting
www.portfolio.hu,-0.012186749656067837,0.17239356340914938,0.4594477441189562,0.2013989917760348,110.0
www.origo.hu,0.1693058706688225,0.09911150677333426,0.49556672577756916,0.07183600394244594,83.0
index.hu,0.045521513319132366,0.19977506863328617,0.39244451315879886,0.3252908955142481,63.0
prohardver.hu,0.0,1.0,0.0,1.0,1.0
