domain,sentiment_mean,sentiment_std,subjectivity_mean,subjectivity_std,counting
www.portfolio.hu,0.014366327724378573,0.14673608013916378,0.4061472574820032,0.17318777741463928,59.0
www.origo.hu,0.16954128336940835,0.10046997797636688,0.4953137025012025,0.07161788025200272,48.0
index.hu,0.05168044077134987,0.21972463337151132,0.41906554724736544,0.3224673987273902,33.0
prohardver.hu,0.0,1.0,0.0,1.0,1.0
