domain,sentiment_mean,sentiment_std,subjectivity_mean,subjectivity_std,counting
www.portfolio.hu,-0.0007969076074746162,0.1605177114306718,0.4574218980554891,0.18847399766397718,97.0
www.origo.hu,0.16763792767904612,0.09964786007892876,0.4951683185235817,0.07409152582731501,76.0
index.hu,0.055564381055452486,0.20787869398947026,0.3946250773036487,0.3204023653306042,56.0
prohardver.hu,0.0,1.0,0.0,1.0,1.0
