domain,sentiment_mean,sentiment_std,subjectivity_mean,subjectivity_std,counting
www.portfolio.hu,0.003270715967345183,0.164330903832335,0.4528175703128887,0.18646672169428855,89.0
www.origo.hu,0.16262736774180436,0.1001784624077583,0.4953316870922505,0.07444263601217088,71.0
index.hu,0.05073559040540172,0.21054333450091015,0.3925164039314983,0.32111342105799,53.0
prohardver.hu,0.0,1.0,0.0,1.0,1.0
