domain,sentiment_mean,sentiment_std,subjectivity_mean,subjectivity_std,counting
www.portfolio.hu,-0.004478218197277602,0.1591820441249259,0.45396514521720793,0.1979476615158752,101.0
www.origo.hu,0.16733829827579827,0.0987243855358186,0.49553895178895185,0.07335492273753075,78.0
index.hu,0.04710314454064454,0.2046127168252185,0.399288961038961,0.3252882234085702,60.0
prohardver.hu,0.0,1.0,0.0,1.0,1.0
