domain,sentiment_mean,sentiment_std,subjectivity_mean,subjectivity_std,counting
www.portfolio.hu,-0.0008392270160887166,0.1628255728169661,0.45523559929366664,0.19095773158496096,94.0
www.origo.hu,0.166842797017797,0.1000758816553462,0.4954917748917749,0.07453642389393814,75.0
index.hu,0.05096858192312738,0.20690360563087304,0.3901334120425029,0.32157117146158537,55.0
prohardver.hu,0.0,1.0,0.0,1.0,1.0
