domain,sentiment_mean,sentiment_std,subjectivity_mean,subjectivity_std,counting
www.portfolio.hu,-0.006650236915861915,0.16604314827700828,0.45146013920493083,0.19192427937329662,80.0
www.origo.hu,0.16630945749511927,0.09668165839233712,0.49402279093455564,0.0740636485519369,68.0
index.hu,0.05467954622209941,0.20471433163643057,0.38935740382548895,0.3207708977246068,47.0
prohardver.hu,0.0,1.0,0.0,1.0,1.0
